whatsapp_link,nombre_de_publications,nom_du_groupe
https://chat.whatsapp.com/C8e16KcOdch7U7I9HjBgeG,159,Trouvez votre logement et celui de vos proches plus facilement
https://chat.whatsapp.com/HP0mnnkVKLH8mmnylJWK1u,136,Chacha immobilier à votre service bienvenue 😘
https://chat.whatsapp.com/CCFzDZqEs7m2HbhWIQbvcR,134,SERVICE IMMOBILIER RAPIDE 🏠
https://chat.whatsapp.com/KmuL0joFOJEGoigYm4ETet,103,Ballack studio chambre et appartement
https://chat.whatsapp.com/KZLnHoW2mIXC6sMkOqjDZ1,102,VISION IMMO 🛜
https://chat.whatsapp.com/CICV3trrCDIFQS3E6BCJZG,87,Tony immobilier 🏠
https://chat.whatsapp.com/JHbO7LOYdO5GxClvj9URv7,68,Edouard Service immobilier 🇧🇫
https://chat.whatsapp.com/BGnlhRChuxC6bGh8b339cK,63,COOPÉRATIVE HABITAT ~ AGCI JOSPIN 
https://chat.whatsapp.com/JRTJz1D3iDnHOh2WFNjLOR,54,Misala location appartement
https://chat.whatsapp.com/KWKrYgV9GZr8wFXcc74XQA,50,EST KEDJU GROUP IMMOBILIER
https://chat.whatsapp.com/HZEhxPS5v5xE4Vecmd651I,45,Studio N°00 ( Yannick Immobilier SARL )
https://chat.whatsapp.com/KXDgX2hsqW7HnIMbeR9lom,32,XENO IMMOBILIER 
https://chat.whatsapp.com/DftytEIEZh1DywJJ3arLKo,32,VOS LOGEMENTS À  🗝️🔐
https://chat.whatsapp.com/GUsASvqGgiu87JaIky7Idc,30,Trouvez votre 🥰😍😇maison 🥰😍😘
https://chat.whatsapp.com/ICBnRAvh16BGdND3oKsLGx,24,Rahime Immobilier
https://chat.whatsapp.com/GbpxDvii1De8GeAjtDaW9E,23,🔑 Logements à Louer | SMITOPO SARL
https://chat.whatsapp.com/DdX4hjEPRt3L4QmK46yXPb,22,Misala immo vente
https://chat.whatsapp.com/Ec0HM6PFGj4Gas0gr9CfKo,21,YONTA LOGEMENT 🕌🏠
https://chat.whatsapp.com/Gga8ZLQ6UAjGHKz0TiW9R8,14,Offres disponibles ((Ahmed immobilier ))
https://chat.whatsapp.com/CO2dQs2GLUcDsqxLuYzvsG,11,FAMILY SERVICE IMMO
https://chat.whatsapp.com/JkOPiOgVXG3531ftmQGza7,7,Oli immo services ❤️🏨☺️⭐🙏
https://chat.whatsapp.com/JBAT229PnPwITT5h2lQWUx,6,🏢🏰 Toutes nos offres immobilières
https://chat.whatsapp.com/ETLRP7Ve74kFCB2EYjXuk8,6,Burkina immobilier SARL 
https://chat.whatsapp.com/HzKi9Wh0mIAFDr8XYz4bae,6,ViSLE IMMOBILIER+++
https://chat.whatsapp.com/EZQ2DTGvYIj07UOjW7QoQS,6,JCM IMMOBILIER
https://chat.whatsapp.com/IFnSCqlQugo6iwMgDdSnTJ,5,DIFFUSION VAL IMMO
https://chat.whatsapp.com/H223Ewc0h6t3mL2Ldk9iB9,4,ASSI IMMO SERVICE PLUS🤟🏠🎗️
https://chat.whatsapp.com/CxKmPCZbnI6CYH3BwWaifn,4,RB IMMO_PLUS✊🏾
https://chat.whatsapp.com/JlO29PEGHohCt9LfGiI9NK,4,Djk services uniquement immobilier
https://chat.whatsapp.com/CWVIlidhfmGK4S2vSWRGMC,4,"Annonce immobilière Abidjan sud Treichville, MARCORY, koumassi, port bouét"
https://chat.whatsapp.com/LmdFAOjggYXGgNrtdWKLWC,4,Misala services immo
https://chat.whatsapp.com/GUdyv7JYTp08Y52ePqCAYn,3,CHINEKE : Annonces & conseil : vente - Location immobilière - etc ...
https://chat.whatsapp.com/KUVb9nzSgpEBawR5Lv46dS,3,LOCATIONS (chambre et boutiques)💥
https://chat.whatsapp.com/KEKeCed0zOuCuO04EcQaO2,3,TVH GROUPE SERVICE PLUS Immobilier À LOKOSSA
https://chat.whatsapp.com/KIo0vuRlrfB5YcyRLGYhz8,3,Glory shalom immobilier
https://chat.whatsapp.com/DlaXm5bJPA23qu4EaPuhkw,3,NOVA Immo 🏢🏚️
https://chat.whatsapp.com/I5I5QVwvCOtFUmOpplPeSO,2,"GROUPES YAS PRESTATIONS SERVICE, IMMOBILIER ET DIVERS"
https://chat.whatsapp.com/E0ka03cbU5KGhdOzMuNnfr,2,Immobilier Dũ-Nõrd vente achat des terrains/hectare/Gestion de vos biens immobiliers 
https://chat.whatsapp.com/JzvLTZaMQfX1qhEXJkZyhW,2,IMMO STORY 
https://chat.whatsapp.com/GKio4njAI5X0wUBxdyN8iQ,2,trouve ta maison ici 0995324469
https://chat.whatsapp.com/ByJNYTzdb3iBxokMKRJZNV,1,LE ROI DE L'IMMOBILIER
https://chat.whatsapp.com/C9VPDKPltVe3hQQUHnNAhG,1,Achats et Location Appartement etc...
https://chat.whatsapp.com/CxbgGNi0jBm3WGIck4uhvR,1,BOUTIQUE EN LIGNE D'ALVINE
https://chat.whatsapp.com/DpMedBRHa5d8JTRKDZ1Gxm,1,Marketing Vente En ligue
https://chat.whatsapp.com/DxyEzxQdoelCGrjoK5abIB,1,Agence Louise Kwenshe 💝💟💖
https://chat.whatsapp.com/EKgW7irCL9uJX0kqReROyR,1,"EBC SERVICES: A LOUER ET A VENDRE (TERRAIN, DUPLEX, VILLA, APPARTEMENT, STUDIO)"
https://chat.whatsapp.com/FIWj5lNEhfxCS1R1S1gTld,1,Groupe d'affaires vente de parcelles et location abdoul immobilier
https://chat.whatsapp.com/GTUQYl2r9DBDkmcMnjKO7g,1,Agence immobilière
https://chat.whatsapp.com/KpqkAy5iNBj4OwEMAmQFFv,1,MAISON ANGELOSAMINA MULTI SERVICES 🛒🛍️
https://chat.whatsapp.com/HIVpwHy3kZBBOVQbPwZiCj,1,Bonnes affaires Immobilières
https://chat.whatsapp.com/Hc8OazG0Muo5Km46rjggXV,1,Studios 55k - 65k - 75k
https://chat.whatsapp.com/HjoippzbDQADKMZgUoPILz,1,La grand immobilier 0161526690//cotonou calavi
https://chat.whatsapp.com/IiapxzYSPmT0fTN9815gxf,1,Liste Diffusion SGIS-IMMO (Brice)
https://chat.whatsapp.com/IvrGkNe8oil4pSxXkbWqxH,1,Chambres 25k - 35k - 45k
https://chat.whatsapp.com/JOP94gomZUhJI85OWTnBpx,1,Fidele home immobilier 
https://chat.whatsapp.com/JYRh2mlW7Z4IkvxWOAE4ti,1,💲🌍Maison de vente de Crypto monnaies 💱🇧🇯
https://chat.whatsapp.com/JdYrHwEDuqLKAuu08CxdJx,1,CMI-CLÉ EN MAIN IMMO🫴🗝️
https://chat.whatsapp.com/JiOmVjuNobJ8dcqWZVllBP,1,Client flash immobilier 
https://chat.whatsapp.com/KSnKMG4CRca5X2XIhpc0SP,1,Trouve ta maison ici👉👉
https://chat.whatsapp.com/KfoSk5hIkhYDpQbGzQHZ4c,1,"ACHAT DE TERRAINS, ACHAT DE MAISONS, ACHAT DE VÉHICULES, LOCATION DE CHAMBRES ~ FRIMAS"
https://chat.whatsapp.com/LmcNeFaqBfiHNchAPa75Ad,1,Pour mes clients : AGENCE JB ALL SERVICES & IMMO 🙌
